dataset,R2,MAE,RMSE,MAPE
Train,0.7797453317674969,5483605.456529175,10721789.508638717,31.02099961759367
Test,0.7055388563079259,7164795.6914763665,13382077.269796962,30.878567646117546
